SET SQL_MODE = "NO_AUTO_VALUE_ON_ZERO";
SET time_zone = "+00:00";

CREATE TABLE `categories` (
  `id` int(11) NOT NULL,
  `type` varchar(255) NOT NULL,
  `value` varchar(255) NOT NULL
) ENGINE=InnoDB DEFAULT CHARSET=latin1;

INSERT INTO `categories` (`id`, `type`, `value`) VALUES
(1, 'language', 'English'),
(2, 'language', 'Hindi'),
(3, 'language', 'Marathi'),
(4, 'genre', 'Drama'),
(5, 'genre', 'Action'),
(6, 'genre', 'Sci-Fi'),
(7, 'genre', 'Horror'),
(8, 'genre', 'Suspense'),
(9, 'genre', 'Adventure'),
(10, 'genre', 'Romance'),
(11, 'genre', 'Comedy'),
(12, 'genre', 'Fantasy'),
(13, 'genre', 'Crime'),
(15, 'genre', 'Music'),
(17, 'genre', 'History'),
(18, 'genre', 'Thriller'),
(19, 'genre', 'Animation'),
(20, 'genre', 'Family'),
(21, 'genre', 'Mystery'),
(22, 'genre', 'Biography'),
(24, 'genre', 'Film-Noir'),
(26, 'genre', 'Sci-Fi'),
(27, 'genre', 'War'),
(28, 'genre', 'Western'),
(29, 'genre', 'Horror'),
(30, 'genre', 'Musical'),
(31, 'genre', 'Sport');

CREATE TABLE `movies` (
  `id` int(11) NOT NULL,
  `title` varchar(255) NOT NULL,
  `description` varchar(255) NOT NULL,
  `featured_image` varchar(2000) NOT NULL,
  `duration_minutes` int(11) NOT NULL COMMENT 'Movie''s total playtime duration in minutes',
  `release_date` date NOT NULL
) ENGINE=InnoDB DEFAULT CHARSET=latin1;

INSERT INTO `movies` (`id`, `title`, `description`, `featured_image`, `duration_minutes`, `release_date`) VALUES
(1, 'The Dark Knight', 'After Gordon, Dent and Batman begin an assault on Gotham\'s organised crime, the mobs hire the Joker, a psychopathic criminal mastermind who offers to kill Batman and bring the city to its knees.', 'https://m.media-amazon.com/images/M/MV5BMTMxNTMwODM0NF5BMl5BanBnXkFtZTcwODAyMTk2Mw@@._V1_FMjpg_UX1000_.jpg', 132, '2008-07-18'),
(2, 'Interstellar', 'When Earth becomes uninhabitable in the future, a farmer and ex-NASA pilot, Joseph Cooper, is tasked to pilot a spacecraft, along with a team of researchers, to find a new planet for humans.', 'https://encrypted-tbn1.gstatic.com/images?q=tbn:ANd9GcRf61mker2o4KH3CbVE7Zw5B1-VogMH8LfZHEaq3UdCMLxARZAB', 175, '2014-11-07'),
(3, 'Stuck in Love', 'Bill Borgens, an acclaimed writer, is desolate since his wife left him for another man. As he struggles to raise his teenage children, they all try to comprehend the complexities of love together.', 'https://encrypted-tbn3.gstatic.com/images?q=tbn:ANd9GcRwmIagsL5XhPhThvsSAFakilbJICgbS4hunZrUeopCESs6T8j7', 157, '2013-07-05'),
(4, 'Beautiful Boy', 'Teenager Nicolas Sheff seems to have it all with good grades and being an actor, artist, athlete and editor of the school newspaper. When Nic\'s addiction to meth threatens to destroy him, his father does whatever he can to save his son and family.', 'https://images-na.ssl-images-amazon.com/images/I/91O9gt+QgsL._RI_.jpg', 121, '2019-01-18'),
(5, '3 Idiots', 'In college, Farhan and Raju form a great bond with Rancho due to his refreshing outlook. Years later, a bet gives them a chance to look for their long-lost friend whose existence seems rather elusive.', 'https://encrypted-tbn3.gstatic.com/images?q=tbn:ANd9GcQJKJ6lGwFMrQR0gDdFAp0KU4kJ5WYhEpB8GcrQtlhrcAQ75QV-', 171, '2009-12-25'),
(22, 'Beetlejuice', 'A couple of recently deceased ghosts contract the services of a \"bio-exorcist\" in order to remove the obnoxious new owners of their house.', 'https://images-na.ssl-images-amazon.com/images/M/MV5BMTUwODE3MDE0MV5BMl5BanBnXkFtZTgwNTk1MjI4MzE@._V1_SX300.jpg', 92, '1988-04-20'),
(23, 'The Cotton Club', 'The Cotton Club was a famous night club in Harlem. The story follows the people that visited the club, those that ran it, and is peppered with the Jazz music that made it so famous.', 'https://images-na.ssl-images-amazon.com/images/M/MV5BMTU5ODAyNzA4OV5BMl5BanBnXkFtZTcwNzYwNTIzNA@@._V1_SX300.jpg', 127, '1984-09-30'),
(24, 'The Shawshank Redemption', 'Two imprisoned men bond over a number of years, finding solace and eventual redemption through acts of common decency.', 'https://images-na.ssl-images-amazon.com/images/M/MV5BODU4MjU4NjIwNl5BMl5BanBnXkFtZTgwMDU2MjEyMDE@._V1_SX300.jpg', 142, '1994-02-15'),
(25, 'Crocodile Dundee', 'An American reporter goes to the Australian outback to meet an eccentric crocodile poacher and invites him to New York City.', 'https://images-na.ssl-images-amazon.com/images/M/MV5BMTg0MTU1MTg4NF5BMl5BanBnXkFtZTgwMDgzNzYxMTE@._V1_SX300.jpg', 97, '1986-10-23'),
(26, 'Valkyrie', 'A dramatization of the 20 July assassination and political coup plot by desperate renegade German Army officers against Hitler during World War II.', 'http://ia.media-imdb.com/images/M/MV5BMTg3Njc2ODEyN15BMl5BanBnXkFtZTcwNTAwMzc3NA@@._V1_SX300.jpg', 121, '2008-01-10'),
(27, 'Ratatouille', 'A rat who can cook makes an unusual alliance with a young kitchen worker at a famous restaurant.', 'https://images-na.ssl-images-amazon.com/images/M/MV5BMTMzODU0NTkxMF5BMl5BanBnXkFtZTcwMjQ4MzMzMw@@._V1_SX300.jpg', 111, '2007-06-11'),
(28, 'City of God', 'Two boys growing up in a violent neighborhood of Rio de Janeiro take different paths: one becomes a photographer, the other a drug dealer.', 'https://images-na.ssl-images-amazon.com/images/M/MV5BMjA4ODQ3ODkzNV5BMl5BanBnXkFtZTYwOTc4NDI3._V1_SX300.jpg', 130, '2002-10-13'),
(29, 'The Intouchables', 'After he becomes a quadriplegic from a paragliding accident, an aristocrat hires a young man from the projects to be his caregiver.', 'http://ia.media-imdb.com/images/M/MV5BMTYxNDA3MDQwNl5BMl5BanBnXkFtZTcwNTU4Mzc1Nw@@._V1_SX300.jpg', 112, '2011-08-14'),
(30, 'Apocalypto', 'As the Mayan kingdom faces its decline, the rulers insist the key to prosperity is to build more temples and offer human sacrifices. Jaguar Paw, a young man captured for sacrifice, flees to avoid his fate.', 'https://images-na.ssl-images-amazon.com/images/M/MV5BNTM1NjYyNTY5OV5BMl5BanBnXkFtZTcwMjgwNTMzMQ@@._V1_SX300.jpg', 139, '2006-06-09'),
(31, 'Taxi Driver', 'A mentally unstable Vietnam War veteran works as a night-time taxi driver in New York City where the perceived decadence and sleaze feeds his urge for violent action, attempting to save a preadolescent prostitute in the process.', 'https://images-na.ssl-images-amazon.com/images/M/MV5BNGQxNDgzZWQtZTNjNi00M2RkLWExZmEtNmE1NjEyZDEwMzA5XkEyXkFqcGdeQXVyMTQxNzMzNDI@._V1_SX300.jpg', 113, '1976-01-26'),
(32, 'No Country for Old Men', 'Violence and mayhem ensue after a hunter stumbles upon a drug deal gone wrong and more than two million dollars in cash near the Rio Grande.', 'https://images-na.ssl-images-amazon.com/images/M/MV5BMjA5Njk3MjM4OV5BMl5BanBnXkFtZTcwMTc5MTE1MQ@@._V1_SX300.jpg', 122, '2007-11-26'),
(33, 'Planet 51', 'An alien civilization is invaded by Astronaut Chuck Baker, who believes that the planet was uninhabited. Wanted by the military, Baker must get back to his ship before it goes into orbit without him.', 'http://ia.media-imdb.com/images/M/MV5BMTUyOTAyNTA5Ml5BMl5BanBnXkFtZTcwODU2OTM0Mg@@._V1_SX300.jpg', 91, '2009-02-06'),
(34, 'Corpse Bride', 'When a shy groom practices his wedding vows in the inadvertent presence of a deceased young woman, she rises from the grave assuming he has married her.', 'http://ia.media-imdb.com/images/M/MV5BMTk1MTY1NjU4MF5BMl5BanBnXkFtZTcwNjIzMTEzMw@@._V1_SX300.jpg', 77, '2005-01-04'),
(35, 'The Third Man', 'Pulp novelist Holly Martins travels to shadowy, postwar Vienna, only to find himself investigating the mysterious death of an old friend, Harry Lime.', 'https://images-na.ssl-images-amazon.com/images/M/MV5BMjMwNzMzMTQ0Ml5BMl5BanBnXkFtZTgwNjExMzUwNjE@._V1_SX300.jpg', 93, '1949-06-12'),
(36, 'The Beach', 'Twenty-something Richard travels to Thailand and finds himself in possession of a strange map. Rumours state that it leads to a solitary beach paradise, a tropical bliss - excited and intrigued, he sets out to find it.', 'https://images-na.ssl-images-amazon.com/images/M/MV5BN2ViYTFiZmUtOTIxZi00YzIxLWEyMzUtYjQwZGNjMjNhY2IwXkEyXkFqcGdeQXVyNDk3NzU2MTQ@._V1_SX300.jpg', 119, '2000-11-03'),
(37, 'Scarface', 'In Miami in 1980, a determined Cuban immigrant takes over a drug cartel and succumbs to greed.', 'https://images-na.ssl-images-amazon.com/images/M/MV5BMjAzOTM4MzEwNl5BMl5BanBnXkFtZTgwMzU1OTc1MDE@._V1_SX300.jpg', 170, '1983-06-07'),
(38, 'Sid and Nancy', 'Morbid biographical story of Sid Vicious, bassist with British punk group the Sex Pistols, and his girlfriend Nancy Spungen. When the Sex Pistols break up after their fateful US tour, ...', 'https://images-na.ssl-images-amazon.com/images/M/MV5BMjExNjA5NzY4M15BMl5BanBnXkFtZTcwNjQ2NzI5NA@@._V1_SX300.jpg', 112, '1986-05-07'),
(39, 'Inception', 'A thief, who steals corporate secrets through use of dream-sharing technology, is given the inverse task of planting an idea into the mind of a CEO.', 'https://images-na.ssl-images-amazon.com/images/M/MV5BMjAxMzY3NjcxNF5BMl5BanBnXkFtZTcwNTI5OTM0Mw@@._V1_SX300.jpg', 148, '2010-05-21'),
(40, 'The Deer Hunter', 'An in-depth examination of the ways in which the U.S. Vietnam War impacts and disrupts the lives of people in a small industrial town in Pennsylvania.', 'https://images-na.ssl-images-amazon.com/images/M/MV5BMTYzYmRmZTQtYjk2NS00MDdlLTkxMDAtMTE2YTM2ZmNlMTBkXkEyXkFqcGdeQXVyNjU0OTQ0OTY@._V1_SX300.jpg', 183, '1978-06-10'),
(41, 'Django Unchained', 'With the help of a German bounty hunter, a freed slave sets out to rescue his wife from a brutal Mississippi plantation owner.', 'http://ia.media-imdb.com/images/M/MV5BMjIyNTQ5NjQ1OV5BMl5BanBnXkFtZTcwODg1MDU4OA@@._V1_SX300.jpg', 165, '2012-05-06'),
(42, 'The Silence of the Lambs', 'A young F.B.I. cadet must confide in an incarcerated and manipulative killer to receive his help on catching another serial killer who skins his victims.', 'https://images-na.ssl-images-amazon.com/images/M/MV5BMTQ2NzkzMDI4OF5BMl5BanBnXkFtZTcwMDA0NzE1NA@@._V1_SX300.jpg', 118, '1991-01-28'),
(43, 'Snatch', 'Unscrupulous boxing promoters, violent bookmakers, a Russian gangster, incompetent amateur robbers, and supposedly Jewish jewelers fight to track down a priceless stolen diamond.', 'http://ia.media-imdb.com/images/M/MV5BMTA2NDYxOGYtYjU1Mi00Y2QzLTgxMTQtMWI1MGI0ZGQ5MmU4XkEyXkFqcGdeQXVyNDk3NzU2MTQ@._V1_SX300.jpg', 102, '2000-02-26'),
(44, 'Midnight Express', 'Billy Hayes, an American college student, is caught smuggling drugs out of Turkey and thrown into prison.', 'https://images-na.ssl-images-amazon.com/images/M/MV5BMTQyMDA5MzkyOF5BMl5BanBnXkFtZTgwOTYwNTcxMTE@._V1_SX300.jpg', 121, '1978-02-13'),
(45, 'Lock, Stock and Two Smoking Barrels', 'A botched card game in London triggers four friends, thugs, weed-growers, hard gangsters, loan sharks and debt collectors to collide with each other in a series of unexpected events, all for the sake of weed, cash and two antique shotguns.', 'https://images-na.ssl-images-amazon.com/images/M/MV5BMTAyN2JmZmEtNjAyMy00NzYwLThmY2MtYWQ3OGNhNjExMmM4XkEyXkFqcGdeQXVyNDk3NzU2MTQ@._V1_SX300.jpg', 107, '1998-10-04'),
(46, 'Rear Window', 'A wheelchair-bound photographer spies on his neighbours from his apartment window and becomes convinced one of them has committed murder.', 'https://images-na.ssl-images-amazon.com/images/M/MV5BNGUxYWM3M2MtMGM3Mi00ZmRiLWE0NGQtZjE5ODI2OTJhNTU0XkEyXkFqcGdeQXVyMTQxNzMzNDI@._V1_SX300.jpg', 112, '1954-06-12'),
(47, 'Shutter Island', 'In 1954, a U.S. marshal investigates the disappearance of a murderess who escaped from a hospital for the criminally insane.', 'https://images-na.ssl-images-amazon.com/images/M/MV5BMTMxMTIyNzMxMV5BMl5BanBnXkFtZTcwOTc4OTI3Mg@@._V1_SX300.jpg', 138, '2010-01-27'),
(48, 'Reservoir Dogs', 'After a simple jewelry heist goes terribly wrong, the surviving criminals begin to suspect that one of them is a police informant.', 'https://images-na.ssl-images-amazon.com/images/M/MV5BNjE5ZDJiZTQtOGE2YS00ZTc5LTk0OGUtOTg2NjdjZmVlYzE2XkEyXkFqcGdeQXVyMzM4MjM0Nzg@._V1_SX300.jpg', 99, '1992-05-08'),
(49, 'The Shining', 'A family heads to an isolated hotel for the winter where an evil and spiritual presence influences the father into violence, while his psychic son sees horrific forebodings from the past and of the future.', 'http://ia.media-imdb.com/images/M/MV5BODMxMjE3NTA4Ml5BMl5BanBnXkFtZTgwNDc0NTIxMDE@._V1_SX300.jpg', 146, '1980-12-21'),
(50, 'L.A. Confidential', 'As corruption grows in 1950s LA, three policemen - one strait-laced, one brutal, and one sleazy - investigate a series of murders with their own brand of justice.', 'https://images-na.ssl-images-amazon.com/images/M/MV5BNWEwNDhhNWUtYWMzNi00ZTNhLWFiZDAtMjBjZmJhMTU0ZTY2XkEyXkFqcGdeQXVyNDk3NzU2MTQ@._V1_SX300.jpg', 138, '1997-12-23'),
(51, 'The Hangover', 'Three buddies wake up from a bachelor party in Las Vegas, with no memory of the previous night and the bachelor missing. They make their way around the city in order to find their friend before his wedding.', 'https://images-na.ssl-images-amazon.com/images/M/MV5BMTU1MDA1MTYwMF5BMl5BanBnXkFtZTcwMDcxMzA1Mg@@._V1_SX300.jpg', 100, '2009-07-14'),
(52, 'The Great Beauty', 'Jep Gambardella has seduced his way through the lavish nightlife of Rome for decades, but after his 65th birthday and a shock from the past, Jep looks past the nightclubs and parties to find a timeless landscape of absurd, exquisite beauty.', 'https://images-na.ssl-images-amazon.com/images/M/MV5BMTQ0ODg1OTQ2Nl5BMl5BanBnXkFtZTgwNTc2MDY1MDE@._V1_SX300.jpg', 141, '2013-12-24'),
(53, 'Mary and Max', 'A tale of friendship between two unlikely pen pals: Mary, a lonely, eight-year-old girl living in the suburbs of Melbourne, and Max, a forty-four-year old, severely obese man living in New York.', 'https://images-na.ssl-images-amazon.com/images/M/MV5BMTQ1NDIyNTA1Nl5BMl5BanBnXkFtZTcwMjc2Njk3OA@@._V1_SX300.jpg', 92, '2009-12-23'),
(54, 'Flight', 'An airline pilot saves almost all his passengers on his malfunctioning airliner which eventually crashed, but an investigation into the accident reveals something troubling.', 'https://images-na.ssl-images-amazon.com/images/M/MV5BMTUxMjI1OTMxNl5BMl5BanBnXkFtZTcwNjc3NTY1OA@@._V1_SX300.jpg', 138, '2012-08-23'),
(55, 'Requiem for a Dream', 'The drug-induced utopias of four Coney Island people are shattered when their addictions run deep.', 'https://images-na.ssl-images-amazon.com/images/M/MV5BMTkzODMzODYwOF5BMl5BanBnXkFtZTcwODM2NjA2NQ@@._V1_SX300.jpg', 102, '2000-12-23'),
(56, 'The Truman Show', 'An insurance salesman/adjuster discovers his entire life is actually a television show.', 'https://images-na.ssl-images-amazon.com/images/M/MV5BMDIzODcyY2EtMmY2MC00ZWVlLTgwMzAtMjQwOWUyNmJjNTYyXkEyXkFqcGdeQXVyNDk3NzU2MTQ@._V1_SX300.jpg', 103, '1998-07-16'),
(57, 'The Artist', 'A silent movie star meets a young dancer, but the arrival of talking pictures sends their careers in opposite directions.', 'https://images-na.ssl-images-amazon.com/images/M/MV5BMzk0NzQxMTM0OV5BMl5BanBnXkFtZTcwMzU4MDYyNQ@@._V1_SX300.jpg', 100, '2011-08-18'),
(58, 'Forrest Gump', 'Forrest Gump, while not intelligent, has accidentally been present at many historic moments, but his true love, Jenny Curran, eludes him.', 'https://images-na.ssl-images-amazon.com/images/M/MV5BYThjM2MwZGMtMzg3Ny00NGRkLWE4M2EtYTBiNWMzOTY0YTI4XkEyXkFqcGdeQXVyNDYyMDk5MTU@._V1_SX300.jpg', 142, '1994-12-07'),
(59, 'The Hobbit: The Desolation of Smaug', 'The dwarves, along with Bilbo Baggins and Gandalf the Grey, continue their quest to reclaim Erebor, their homeland, from Smaug. Bilbo Baggins is in possession of a mysterious and magical ring.', 'https://images-na.ssl-images-amazon.com/images/M/MV5BMzU0NDY0NDEzNV5BMl5BanBnXkFtZTgwOTIxNDU1MDE@._V1_SX300.jpg', 161, '2013-07-26'),
(60, 'Vicky Cristina Barcelona', 'Two girlfriends on a summer holiday in Spain become enamored with the same painter, unaware that his ex-wife, with whom he has a tempestuous relationship, is about to re-enter the picture.', 'https://images-na.ssl-images-amazon.com/images/M/MV5BMTU2NDQ4MTg2MV5BMl5BanBnXkFtZTcwNDUzNjU3MQ@@._V1_SX300.jpg', 96, '2008-11-13'),
(61, 'Slumdog Millionaire', 'A Mumbai teen reflects on his upbringing in the slums when he is accused of cheating on the Indian Version of \"Who Wants to be a Millionaire?\"', 'http://ia.media-imdb.com/images/M/MV5BMTU2NTA5NzI0N15BMl5BanBnXkFtZTcwMjUxMjYxMg@@._V1_SX300.jpg', 120, '2008-12-17'),
(62, 'Lost in Translation', 'A faded movie star and a neglected young woman form an unlikely bond after crossing paths in Tokyo.', 'https://images-na.ssl-images-amazon.com/images/M/MV5BMTI2NDI5ODk4N15BMl5BanBnXkFtZTYwMTI3NTE3._V1_SX300.jpg', 101, '2003-02-06'),
(63, 'Match Point', 'At a turning point in his life, a former tennis pro falls for an actress who happens to be dating his friend and soon-to-be brother-in-law.', 'https://images-na.ssl-images-amazon.com/images/M/MV5BMTMzNzY4MzE5NF5BMl5BanBnXkFtZTcwMzQ1MDMzMQ@@._V1_SX300.jpg', 119, '2005-05-06'),
(64, 'North by Northwest', 'A hapless New York advertising executive is mistaken for a government agent by a group of foreign spies, and is pursued across the country while he looks for a way to survive.', 'http://ia.media-imdb.com/images/M/MV5BMjQwMTQ0MzgwNl5BMl5BanBnXkFtZTgwNjc4ODE4MzE@._V1_SX300.jpg', 136, '1959-11-28'),
(65, 'Madagascar: Escape 2 Africa', 'The animals try to fly back to New York City, but crash-land on an African wildlife refuge, where Alex is reunited with his parents.', 'https://images-na.ssl-images-amazon.com/images/M/MV5BMjExMDA4NDcwMl5BMl5BanBnXkFtZTcwODAxNTQ3MQ@@._V1_SX300.jpg', 89, '2008-04-13'),
(66, 'Madagascar', 'Spoiled by their upbringing with no idea what wild life is really like, four animals from New York Central Zoo escape, unwittingly assisted by four absconding penguins, and find themselves in Madagascar, among a bunch of merry lemurs', 'https://images-na.ssl-images-amazon.com/images/M/MV5BMTY4NDUwMzQxMF5BMl5BanBnXkFtZTcwMDgwNjgyMQ@@._V1_SX300.jpg', 86, '2005-03-30'),
(67, 'God Bless America', 'On a mission to rid society of its most repellent citizens, terminally ill Frank makes an unlikely accomplice in 16-year-old Roxy.', 'https://images-na.ssl-images-amazon.com/images/M/MV5BMTQwMTc1MzA4NF5BMl5BanBnXkFtZTcwNzQwMTgzNw@@._V1_SX300.jpg', 105, '2011-05-02'),
(68, 'The Social Network', 'Harvard student Mark Zuckerberg creates the social networking site that would become known as Facebook, but is later sued by two brothers who claimed he stole their idea, and the co-founder who was later squeezed out of the business.', 'https://images-na.ssl-images-amazon.com/images/M/MV5BMTM2ODk0NDAwMF5BMl5BanBnXkFtZTcwNTM1MDc2Mw@@._V1_SX300.jpg', 120, '2010-07-06'),
(69, 'The Pianist', 'A Polish Jewish musician struggles to survive the destruction of the Warsaw ghetto of World War II.', 'http://ia.media-imdb.com/images/M/MV5BMTc4OTkyOTA3OF5BMl5BanBnXkFtZTYwMDIxNjk5._V1_SX300.jpg', 150, '2002-04-29'),
(70, 'Alive', 'Uruguayan rugby team stranded in the snow swept Andes are forced to use desperate measures to survive after a plane crash.', '', 120, '1993-08-05'),
(71, 'Casablanca', 'In Casablanca, Morocco in December 1941, a cynical American expatriate meets a former lover, with unforeseen complications.', 'https://images-na.ssl-images-amazon.com/images/M/MV5BMjQwNDYyNTk2N15BMl5BanBnXkFtZTgwMjQ0OTMyMjE@._V1_SX300.jpg', 102, '1942-01-29'),
(72, 'American Gangster', 'In 1970s America, a detective works to bring down the drug empire of Frank Lucas, a heroin kingpin from Manhattan, who is smuggling the drug into the country from the Far East.', 'https://images-na.ssl-images-amazon.com/images/M/MV5BMTkyNzY5MDA5MV5BMl5BanBnXkFtZTcwMjg4MzI3MQ@@._V1_SX300.jpg', 157, '2007-08-30'),
(73, 'American History X', 'A former neo-nazi skinhead tries to prevent his younger brother from going down the same wrong path that he did.', 'https://images-na.ssl-images-amazon.com/images/M/MV5BZjA0MTM4MTQtNzY5MC00NzY3LWI1ZTgtYzcxMjkyMzU4MDZiXkEyXkFqcGdeQXVyNDYyMDk5MTU@._V1_SX300.jpg', 119, '1998-01-20'),
(74, 'Casino', 'Greed, deception, money, power, and murder occur between two best friends, a mafia underboss and a casino owner, for a trophy wife over a gambling empire.', 'http://ia.media-imdb.com/images/M/MV5BMTcxOWYzNDYtYmM4YS00N2NkLTk0NTAtNjg1ODgwZjAxYzI3XkEyXkFqcGdeQXVyNTA4NzY1MzY@._V1_SX300.jpg', 178, '1995-09-02'),
(75, 'Pirates of the Caribbean: On Stranger Tides', 'Jack Sparrow and Barbossa embark on a quest to find the elusive fountain of youth, only to discover that Blackbeard and his daughter are after it too.', 'http://ia.media-imdb.com/images/M/MV5BMjE5MjkwODI3Nl5BMl5BanBnXkFtZTcwNjcwMDk4NA@@._V1_SX300.jpg', 136, '2011-01-25'),
(76, 'Crash', 'Los Angeles citizens with vastly separate lives collide in interweaving stories of race, loss and redemption.', 'https://images-na.ssl-images-amazon.com/images/M/MV5BOTk1OTA1MjIyNV5BMl5BanBnXkFtZTcwODQxMTkyMQ@@._V1_SX300.jpg', 112, '2004-10-25'),
(77, 'Oldboy', 'After being kidnapped and imprisoned for 15 years, Oh Dae-Su is released, only to find that he must find his captor in 5 days.', 'https://images-na.ssl-images-amazon.com/images/M/MV5BMTI3NTQyMzU5M15BMl5BanBnXkFtZTcwMTM2MjgyMQ@@._V1_SX300.jpg', 120, '2003-08-28'),
(78, 'Chocolat', 'A woman and her daughter open a chocolate shop in a small French village that shakes up the rigid morality of the community.', 'https://images-na.ssl-images-amazon.com/images/M/MV5BMjA4MDI3NTQwMV5BMl5BanBnXkFtZTcwNjIzNDcyMQ@@._V1_SX300.jpg', 121, '2000-07-03'),
(79, 'Casino Royale', 'Armed with a licence to kill, Secret Agent James Bond sets out on his first mission as 007 and must defeat a weapons dealer in a high stakes game of poker at Casino Royale, but things are not what they seem.', 'https://images-na.ssl-images-amazon.com/images/M/MV5BMTM5MjI4NDExNF5BMl5BanBnXkFtZTcwMDM1MjMzMQ@@._V1_SX300.jpg', 144, '2006-02-25'),
(80, 'WALL·E', 'In the distant future, a small waste-collecting robot inadvertently embarks on a space journey that will ultimately decide the fate of mankind.', 'https://images-na.ssl-images-amazon.com/images/M/MV5BMTczOTA3MzY2N15BMl5BanBnXkFtZTcwOTYwNjE2MQ@@._V1_SX300.jpg', 98, '2008-01-12'),
(81, 'The Wolf of Wall Street', 'Based on the true story of Jordan Belfort, from his rise to a wealthy stock-broker living the high life to his fall involving crime, corruption and the federal government.', 'https://images-na.ssl-images-amazon.com/images/M/MV5BMjIxMjgxNTk0MF5BMl5BanBnXkFtZTgwNjIyOTg2MDE@._V1_SX300.jpg', 180, '2013-09-01'),
(82, 'Hellboy II: The Golden Army', 'The mythical world starts a rebellion against humanity in order to rule the Earth, so Hellboy and his team must save the world from the rebellious creatures.', 'https://images-na.ssl-images-amazon.com/images/M/MV5BMjA5NzgyMjc2Nl5BMl5BanBnXkFtZTcwOTU3MDI3MQ@@._V1_SX300.jpg', 120, '2008-09-11'),
(83, 'Sunset Boulevard', 'A hack screenwriter writes a screenplay for a former silent-film star who has faded into Hollywood obscurity.', 'http://ia.media-imdb.com/images/M/MV5BMTc3NDYzODAwNV5BMl5BanBnXkFtZTgwODg1MTczMTE@._V1_SX300.jpg', 110, '1950-09-07'),
(84, 'I-See-You.Com', 'A 17-year-old boy buys mini-cameras and displays the footage online at I-see-you.com. The cash rolls in as the site becomes a major hit. Everyone seems to have fun until it all comes crashing down....', 'https://images-na.ssl-images-amazon.com/images/M/MV5BMTYwMDUzNzA5Nl5BMl5BanBnXkFtZTcwMjQ2Njk3MQ@@._V1_SX300.jpg', 92, '2006-07-04'),
(85, 'The Grand Budapest Hotel', 'The adventures of Gustave H, a legendary concierge at a famous hotel from the fictional Republic of Zubrowka between the first and second World Wars, and Zero Moustafa, the lobby boy who becomes his most trusted friend.', 'https://images-na.ssl-images-amazon.com/images/M/MV5BMzM5NjUxOTEyMl5BMl5BanBnXkFtZTgwNjEyMDM0MDE@._V1_SX300.jpg', 99, '2014-05-03'),
(86, 'Once Upon a Time in America', 'A former Prohibition-era Jewish gangster returns to the Lower East Side of Manhattan over thirty years later, where he once again must confront the ghosts and regrets of his old life.', 'https://images-na.ssl-images-amazon.com/images/M/MV5BMGFkNWI4MTMtNGQ0OC00MWVmLTk3MTktOGYxN2Y2YWVkZWE2XkEyXkFqcGdeQXVyNjU0OTQ0OTY@._V1_SX300.jpg', 229, '1984-08-28'),
(87, 'V for Vendetta', 'In a future British tyranny, a shadowy freedom fighter, known only by the alias of \"V\", plots to overthrow it with the help of a young woman.', 'https://images-na.ssl-images-amazon.com/images/M/MV5BOTI5ODc3NzExNV5BMl5BanBnXkFtZTcwNzYxNzQzMw@@._V1_SX300.jpg', 132, '2005-04-11'),
(88, 'Gattaca', 'A genetically inferior man assumes the identity of a superior one in order to pursue his lifelong dream of space travel.', 'https://images-na.ssl-images-amazon.com/images/M/MV5BNDQxOTc0MzMtZmRlOS00OWQ5LWI2ZDctOTAwNmMwOTYxYzlhXkEyXkFqcGdeQXVyMTQxNzMzNDI@._V1_SX300.jpg', 106, '1997-03-16'),
(89, 'Silver Linings Playbook', 'After a stint in a mental institution, former teacher Pat Solitano moves back in with his parents and tries to reconcile with his ex-wife. Things get more challenging when Pat meets Tiffany, a mysterious girl with problems of her own.', 'https://images-na.ssl-images-amazon.com/images/M/MV5BMTM2MTI5NzA3MF5BMl5BanBnXkFtZTcwODExNTc0OA@@._V1_SX300.jpg', 122, '2012-09-19'),
(90, 'Pacific Rim', 'As a war between humankind and monstrous sea creatures wages on, a former pilot and a trainee are paired up to drive a seemingly obsolete special weapon in a desperate effort to save the world from the apocalypse.', 'https://images-na.ssl-images-amazon.com/images/M/MV5BMTY3MTI5NjQ4Nl5BMl5BanBnXkFtZTcwOTU1OTU0OQ@@._V1_SX300.jpg', 131, '2013-07-06'),
(91, 'Kiss Kiss Bang Bang', 'A murder mystery brings together a private eye, a struggling actress, and a thief masquerading as an actor.', 'http://ia.media-imdb.com/images/M/MV5BMTY5NDExMDA3M15BMl5BanBnXkFtZTYwNTc2MzA3._V1_SX300.jpg', 103, '2005-03-10'),
(92, 'The Quiet American', 'An older British reporter vies with a young U.S. doctor for the affections of a beautiful Vietnamese woman.', 'http://ia.media-imdb.com/images/M/MV5BMjE2NTUxNTE3Nl5BMl5BanBnXkFtZTYwNTczMTg5._V1_SX300.jpg', 101, '2002-05-06'),
(93, 'Cloud Atlas', 'An exploration of how the actions of individual lives impact one another in the past, present and future, as one soul is shaped from a killer into a hero, and an act of kindness ripples across centuries to inspire a revolution.', 'https://images-na.ssl-images-amazon.com/images/M/MV5BMTczMTgxMjc4NF5BMl5BanBnXkFtZTcwNjM5MTA2OA@@._V1_SX300.jpg', 172, '2012-01-21'),
(94, 'The Impossible', 'The story of a tourist family in Thailand caught in the destruction and chaotic aftermath of the 2004 Indian Ocean tsunami.', 'https://images-na.ssl-images-amazon.com/images/M/MV5BMjA5NTA3NzQ5Nl5BMl5BanBnXkFtZTcwOTYxNjY0OA@@._V1_SX300.jpg', 114, '2012-10-16'),
(95, 'All Quiet on the Western Front', 'A young soldier faces profound disillusionment in the soul-destroying horror of World War I.', 'https://images-na.ssl-images-amazon.com/images/M/MV5BNTM5OTg2NDY1NF5BMl5BanBnXkFtZTcwNTQ4MTMwNw@@._V1_SX300.jpg', 136, '1930-11-28'),
(96, 'The English Patient', 'At the close of WWII, a young nurse tends to a badly-burned plane crash victim. His past is shown in flashbacks, revealing an involvement in a fateful love affair.', 'https://images-na.ssl-images-amazon.com/images/M/MV5BNDg2OTcxNDE0OF5BMl5BanBnXkFtZTgwOTg2MDM0MDE@._V1_SX300.jpg', 162, '1996-01-12'),
(97, 'Dallas Buyers Club', 'In 1985 Dallas, electrician and hustler Ron Woodroof works around the system to help AIDS patients get the medication they need after he is diagnosed with the disease.', 'https://images-na.ssl-images-amazon.com/images/M/MV5BMTYwMTA4MzgyNF5BMl5BanBnXkFtZTgwMjEyMjE0MDE@._V1_SX300.jpg', 117, '2013-12-02'),
(98, 'Frida', 'A biography of artist Frida Kahlo, who channeled the pain of a crippling injury and her tempestuous marriage into her work.', 'http://ia.media-imdb.com/images/M/MV5BMTMyODUyMDY1OV5BMl5BanBnXkFtZTYwMDA2OTU3._V1_SX300.jpg', 123, '2002-04-22'),
(99, 'Before Sunrise', 'A young man and woman meet on a train in Europe, and wind up spending one evening together in Vienna. Unfortunately, both know that this will probably be their only night together.', 'https://images-na.ssl-images-amazon.com/images/M/MV5BMTQyMTM3MTQxMl5BMl5BanBnXkFtZTcwMDAzNjQ4Mg@@._V1_SX300.jpg', 105, '1995-01-11'),
(100, 'The Rum Diary', 'American journalist Paul Kemp takes on a freelance job in Puerto Rico for a local newspaper during the 1960s and struggles to find a balance between island culture and the expatriates who live there.', 'https://images-na.ssl-images-amazon.com/images/M/MV5BMTM5ODA4MjYxM15BMl5BanBnXkFtZTcwMTM3NTE5Ng@@._V1_SX300.jpg', 120, '2011-02-03'),
(101, 'The Last Samurai', 'An American military advisor embraces the Samurai culture he was hired to destroy after he is captured in battle.', 'http://ia.media-imdb.com/images/M/MV5BMzkyNzQ1Mzc0NV5BMl5BanBnXkFtZTcwODg3MzUzMw@@._V1_SX300.jpg', 154, '2003-06-30'),
(102, 'Chinatown', 'A private detective hired to expose an adulterer finds himself caught up in a web of deceit, corruption and murder.', 'https://images-na.ssl-images-amazon.com/images/M/MV5BN2YyNDE5NzItMjAwNC00MGQxLTllNjktZGIzMWFkZjA3OWQ0XkEyXkFqcGdeQXVyNDk3NzU2MTQ@._V1_SX300.jpg', 130, '1974-03-19'),
(103, 'Calvary', 'After he is threatened during a confession, a good-natured priest must battle the dark forces closing in around him.', 'https://images-na.ssl-images-amazon.com/images/M/MV5BMTc3MjQ1MjE2M15BMl5BanBnXkFtZTgwNTMzNjE4MTE@._V1_SX300.jpg', 102, '2014-04-14'),
(104, 'Indochine', 'This story is set in 1930, at the time when French colonial rule in Indochina is ending. A widowed French woman who works in the rubber fields, raises a Vietnamese princess as if she was ...', 'https://images-na.ssl-images-amazon.com/images/M/MV5BMTM1MTkzNzA3NF5BMl5BanBnXkFtZTYwNTI2MzU5._V1_SX300.jpg', 159, '1992-03-17'),
(105, 'Boyhood', 'The life of Mason, from early childhood to his arrival at college.', 'https://images-na.ssl-images-amazon.com/images/M/MV5BMTYzNDc2MDc0N15BMl5BanBnXkFtZTgwOTcwMDQ5MTE@._V1_SX300.jpg', 165, '2014-04-20'),
(106, '12 Angry Men', 'A jury holdout attempts to prevent a miscarriage of justice by forcing his colleagues to reconsider the evidence.', 'https://images-na.ssl-images-amazon.com/images/M/MV5BODQwOTc5MDM2N15BMl5BanBnXkFtZTcwODQxNTEzNA@@._V1_SX300.jpg', 96, '1957-01-20'),
(107, 'The Imitation Game', 'During World War II, mathematician Alan Turing tries to crack the enigma code with help from fellow mathematicians.', 'https://images-na.ssl-images-amazon.com/images/M/MV5BNDkwNTEyMzkzNl5BMl5BanBnXkFtZTgwNTAwNzk3MjE@._V1_SX300.jpg', 114, '2014-08-29'),
(108, 'Big Nothing', 'A frustrated, unemployed teacher joining forces with a scammer and his girlfriend in a blackmailing scheme.', 'https://images-na.ssl-images-amazon.com/images/M/MV5BMTY5NTc2NjYwOV5BMl5BanBnXkFtZTcwMzk5OTY0MQ@@._V1_SX300.jpg', 86, '2006-04-15'),
(109, 'Das Boot', 'The claustrophobic world of a WWII German U-boat; boredom, filth, and sheer terror.', 'https://images-na.ssl-images-amazon.com/images/M/MV5BMjE5Mzk5OTQ0Nl5BMl5BanBnXkFtZTYwNzUwMTQ5._V1_SX300.jpg', 149, '1981-08-28'),
(110, 'Sin City', 'A film that explores the dark and miserable town, Basin City, and tells the story of three different people, all caught up in violent corruption.', 'https://images-na.ssl-images-amazon.com/images/M/MV5BODZmYjMwNzEtNzVhNC00ZTRmLTk2M2UtNzE1MTQ2ZDAxNjc2XkEyXkFqcGdeQXVyMTQxNzMzNDI@._V1_SX300.jpg', 124, '2005-02-08'),
(111, 'Nebraska', 'An aging, booze-addled father makes the trip from Montana to Nebraska with his estranged son in order to claim a million-dollar Mega Sweepstakes Marketing prize.', 'https://images-na.ssl-images-amazon.com/images/M/MV5BMTU2Mjk2NDkyMl5BMl5BanBnXkFtZTgwNTk0NzcyMDE@._V1_SX300.jpg', 115, '2013-11-12'),
(112, 'Shrek', 'After his swamp is filled with magical creatures, an ogre agrees to rescue a princess for a villainous lord in order to get his land back.', 'https://images-na.ssl-images-amazon.com/images/M/MV5BMTk2NTE1NTE0M15BMl5BanBnXkFtZTgwNjY4NTYxMTE@._V1_SX300.jpg', 90, '2001-01-26'),
(113, 'Mr. & Mrs. Smith', 'A bored married couple is surprised to learn that they are both assassins hired by competing agencies to kill each other.', 'https://images-na.ssl-images-amazon.com/images/M/MV5BMTUxMzcxNzQzOF5BMl5BanBnXkFtZTcwMzQxNjUyMw@@._V1_SX300.jpg', 120, '2005-06-24'),
(114, 'Original Sin', 'A woman along with her lover, plan to con a rich man by marrying him and on earning his trust running away with all his money. Everything goes as planned until she actually begins to fall in love with him.', 'https://images-na.ssl-images-amazon.com/images/M/MV5BODg3Mjg0MDY4M15BMl5BanBnXkFtZTcwNjY5MDQ2NA@@._V1_SX300.jpg', 116, '2001-11-01'),
(115, 'Shrek Forever After', 'Rumpelstiltskin tricks a mid-life crisis burdened Shrek into allowing himself to be erased from existence and cast in a dark alternate timeline where Rumpel rules supreme.', 'http://ia.media-imdb.com/images/M/MV5BMTY0OTU1NzkxMl5BMl5BanBnXkFtZTcwMzI2NDUzMw@@._V1_SX300.jpg', 93, '2010-11-10'),
(116, 'Before Midnight', 'We meet Jesse and Celine nine years on in Greece. Almost two decades have passed since their first meeting on that train bound for Vienna.', 'http://ia.media-imdb.com/images/M/MV5BMjA5NzgxODE2NF5BMl5BanBnXkFtZTcwNTI1NTI0OQ@@._V1_SX300.jpg', 109, '2013-02-03'),
(117, 'Despicable Me', 'When a criminal mastermind uses a trio of orphan girls as pawns for a grand scheme, he finds their love is profoundly changing him for the better.', 'https://images-na.ssl-images-amazon.com/images/M/MV5BMTY3NjY0MTQ0Nl5BMl5BanBnXkFtZTcwMzQ2MTc0Mw@@._V1_SX300.jpg', 95, '2010-12-09'),
(118, 'The Hobbit: An Unexpected Journey', 'A reluctant hobbit, Bilbo Baggins, sets out to the Lonely Mountain with a spirited group of dwarves to reclaim their mountain home - and the gold within it - from the dragon Smaug.', 'https://images-na.ssl-images-amazon.com/images/M/MV5BMTcwNTE4MTUxMl5BMl5BanBnXkFtZTcwMDIyODM4OA@@._V1_SX300.jpg', 169, '2012-07-17'),
(119, 'The Great Gatsby', 'A writer and wall street trader, Nick, finds himself drawn to the past and lifestyle of his millionaire neighbor, Jay Gatsby.', 'https://images-na.ssl-images-amazon.com/images/M/MV5BMTkxNTk1ODcxNl5BMl5BanBnXkFtZTcwMDI1OTMzOQ@@._V1_SX300.jpg', 143, '2013-02-24'),
(120, 'Ice Age', 'Set during the Ice Age, a sabertooth tiger, a sloth, and a wooly mammoth find a lost human infant, and they try to return him to his tribe.', 'https://images-na.ssl-images-amazon.com/images/M/MV5BMjEyNzI1ODA0MF5BMl5BanBnXkFtZTYwODIxODY3._V1_SX300.jpg', 81, '2002-02-09'),
(121, 'The Lord of the Rings: The Fellowship of the Ring', 'A meek Hobbit from the Shire and eight companions set out on a journey to destroy the powerful One Ring and save Middle Earth from the Dark Lord Sauron.', 'https://images-na.ssl-images-amazon.com/images/M/MV5BNTEyMjAwMDU1OV5BMl5BanBnXkFtZTcwNDQyNTkxMw@@._V1_SX300.jpg', 178, '2001-04-06'),
(122, 'Ex Machina', 'A young programmer is selected to participate in a ground-breaking experiment in synthetic intelligence by evaluating the human qualities of a breath-taking humanoid A.I.', 'https://images-na.ssl-images-amazon.com/images/M/MV5BMTUxNzc0OTIxMV5BMl5BanBnXkFtZTgwNDI3NzU2NDE@._V1_SX300.jpg', 108, '2015-02-02'),
(123, 'The Theory of Everything', 'A look at the relationship between the famous physicist Stephen Hawking and his wife.', 'https://images-na.ssl-images-amazon.com/images/M/MV5BMTAwMTU4MDA3NDNeQTJeQWpwZ15BbWU4MDk4NTMxNTIx._V1_SX300.jpg', 123, '2014-10-14'),
(124, 'Shogun', 'A English navigator becomes both a player and pawn in the complex political games in feudal Japan.', 'https://images-na.ssl-images-amazon.com/images/M/MV5BMTY1ODI4NzYxMl5BMl5BanBnXkFtZTcwNDA4MzUxMQ@@._V1_SX300.jpg', 60, '1980-04-19'),
(125, 'Spotlight', 'The true story of how the Boston Globe uncovered the massive scandal of child molestation and cover-up within the local Catholic Archdiocese, shaking the entire Catholic Church to its core.', 'https://images-na.ssl-images-amazon.com/images/M/MV5BMjIyOTM5OTIzNV5BMl5BanBnXkFtZTgwMDkzODE2NjE@._V1_SX300.jpg', 128, '2015-03-13'),
(126, 'The Lives of Others', 'In 1984 East Berlin, an agent of the secret police, conducting surveillance on a writer and his lover, finds himself becoming increasingly absorbed by their lives.', 'http://ia.media-imdb.com/images/M/MV5BNDUzNjYwNDYyNl5BMl5BanBnXkFtZTcwNjU3ODQ0MQ@@._V1_SX300.jpg', 137, '2006-03-01'),
(127, 'Hotel Rwanda', 'Paul Rusesabagina was a hotel manager who housed over a thousand Tutsi refugees during their struggle against the Hutu militia in Rwanda.', 'https://images-na.ssl-images-amazon.com/images/M/MV5BMTI2MzQyNTc1M15BMl5BanBnXkFtZTYwMjExNjc3._V1_SX300.jpg', 121, '2004-12-02'),
(128, 'The Martian', 'An astronaut becomes stranded on Mars after his team assume him dead, and must rely on his ingenuity to find a way to signal to Earth that he is alive.', 'https://images-na.ssl-images-amazon.com/images/M/MV5BMTc2MTQ3MDA1Nl5BMl5BanBnXkFtZTgwODA3OTI4NjE@._V1_SX300.jpg', 144, '2015-08-16'),
(129, 'To Kill a Mockingbird', 'Atticus Finch, a lawyer in the Depression-era South, defends a black man against an undeserved rape charge, and his kids against prejudice.', 'http://ia.media-imdb.com/images/M/MV5BMjA4MzI1NDY2Nl5BMl5BanBnXkFtZTcwMTcyODc5Mw@@._V1_SX300.jpg', 129, '1962-03-24'),
(130, 'The Hateful Eight', 'In the dead of a Wyoming winter, a bounty hunter and his prisoner find shelter in a cabin currently inhabited by a collection of nefarious characters.', 'https://images-na.ssl-images-amazon.com/images/M/MV5BMjA1MTc1NTg5NV5BMl5BanBnXkFtZTgwOTM2MDEzNzE@._V1_SX300.jpg', 187, '2015-05-21'),
(131, 'The Big Short', 'Four denizens in the world of high-finance predict the credit and housing bubble collapse of the mid-2000s, and decide to take on the big banks for their greed and lack of foresight.', 'https://images-na.ssl-images-amazon.com/images/M/MV5BNDc4MThhN2EtZjMzNC00ZDJmLThiZTgtNThlY2UxZWMzNjdkXkEyXkFqcGdeQXVyNDk3NzU2MTQ@._V1_SX300.jpg', 130, '2015-01-30');

CREATE TABLE `rel_movie_categories` (
  `id` int(11) NOT NULL,
  `category_id` int(11) NOT NULL,
  `movie_id` int(11) NOT NULL
) ENGINE=InnoDB DEFAULT CHARSET=latin1;

INSERT INTO `rel_movie_categories` (`id`, `category_id`, `movie_id`) VALUES
(4, 1, 1),
(5, 5, 1),
(8, 1, 2),
(9, 6, 2),
(10, 1, 3),
(11, 4, 3),
(12, 10, 3),
(13, 1, 4),
(14, 4, 4),
(15, 2, 5),
(16, 4, 5),
(44, 1, 22),
(45, 11, 22),
(46, 12, 22),
(47, 1, 23),
(48, 4, 23),
(49, 13, 23),
(50, 15, 23),
(51, 1, 24),
(52, 4, 24),
(53, 13, 24),
(54, 1, 25),
(55, 9, 25),
(56, 11, 25),
(57, 1, 26),
(58, 4, 26),
(59, 17, 26),
(60, 18, 26),
(61, 1, 27),
(62, 11, 27),
(63, 19, 27),
(64, 20, 27),
(65, 1, 28),
(66, 4, 28),
(67, 13, 28),
(68, 1, 29),
(69, 4, 29),
(70, 11, 29),
(71, 22, 29),
(72, 1, 30),
(73, 4, 30),
(74, 5, 30),
(75, 9, 30),
(76, 1, 31),
(77, 4, 31),
(78, 13, 31),
(79, 1, 32),
(80, 4, 32),
(81, 13, 32),
(82, 18, 32),
(83, 1, 33),
(84, 9, 33),
(85, 11, 33),
(86, 19, 33),
(87, 1, 34),
(88, 4, 34),
(89, 19, 34),
(90, 20, 34),
(91, 1, 35),
(92, 18, 35),
(93, 21, 35),
(94, 24, 35),
(95, 1, 36),
(96, 4, 36),
(97, 9, 36),
(98, 10, 36),
(99, 1, 37),
(100, 4, 37),
(101, 13, 37),
(102, 1, 38),
(103, 4, 38),
(104, 15, 38),
(105, 22, 38),
(106, 1, 39),
(107, 5, 39),
(108, 6, 39),
(109, 9, 39),
(110, 26, 39),
(111, 1, 40),
(112, 4, 40),
(113, 27, 40),
(114, 1, 41),
(115, 4, 41),
(116, 28, 41),
(117, 1, 42),
(118, 4, 42),
(119, 13, 42),
(120, 18, 42),
(121, 1, 43),
(122, 11, 43),
(123, 13, 43),
(124, 1, 44),
(125, 4, 44),
(126, 13, 44),
(127, 18, 44),
(128, 1, 45),
(129, 11, 45),
(130, 13, 45),
(131, 1, 46),
(132, 18, 46),
(133, 21, 46),
(134, 1, 47),
(135, 18, 47),
(136, 21, 47),
(137, 1, 48),
(138, 4, 48),
(139, 13, 48),
(140, 18, 48),
(141, 1, 49),
(142, 4, 49),
(143, 7, 49),
(144, 29, 49),
(145, 1, 50),
(146, 4, 50),
(147, 13, 50),
(148, 21, 50),
(149, 1, 51),
(150, 11, 51),
(151, 1, 52),
(152, 4, 52),
(153, 1, 53),
(154, 4, 53),
(155, 11, 53),
(156, 19, 53),
(157, 1, 54),
(158, 4, 54),
(159, 18, 54),
(160, 1, 55),
(161, 4, 55),
(162, 1, 56),
(163, 4, 56),
(164, 6, 56),
(165, 11, 56),
(166, 26, 56),
(167, 1, 57),
(168, 4, 57),
(169, 10, 57),
(170, 11, 57),
(171, 1, 58),
(172, 4, 58),
(173, 11, 58),
(174, 1, 59),
(175, 9, 59),
(176, 12, 59),
(177, 1, 60),
(178, 4, 60),
(179, 10, 60),
(180, 1, 61),
(181, 4, 61),
(182, 10, 61),
(183, 1, 62),
(184, 4, 62),
(185, 1, 63),
(186, 4, 63),
(187, 10, 63),
(188, 18, 63),
(189, 1, 64),
(190, 5, 64),
(191, 9, 64),
(192, 13, 64),
(193, 1, 65),
(194, 5, 65),
(195, 9, 65),
(196, 19, 65),
(197, 1, 66),
(198, 9, 66),
(199, 11, 66),
(200, 19, 66),
(201, 1, 67),
(202, 11, 67),
(203, 13, 67),
(204, 1, 68),
(205, 4, 68),
(206, 22, 68),
(207, 1, 69),
(208, 4, 69),
(209, 22, 69),
(210, 27, 69),
(211, 1, 70),
(212, 4, 70),
(213, 9, 70),
(214, 22, 70),
(215, 1, 71),
(216, 4, 71),
(217, 10, 71),
(218, 27, 71),
(219, 1, 72),
(220, 4, 72),
(221, 13, 72),
(222, 22, 72),
(223, 1, 73),
(224, 4, 73),
(225, 13, 73),
(226, 1, 74),
(227, 4, 74),
(228, 13, 74),
(229, 22, 74),
(230, 1, 75),
(231, 5, 75),
(232, 9, 75),
(233, 12, 75),
(234, 1, 76),
(235, 4, 76),
(236, 13, 76),
(237, 18, 76),
(238, 1, 77),
(239, 4, 77),
(240, 18, 77),
(241, 21, 77),
(242, 1, 78),
(243, 4, 78),
(244, 10, 78),
(245, 1, 79),
(246, 5, 79),
(247, 9, 79),
(248, 18, 79),
(249, 1, 80),
(250, 9, 80),
(251, 19, 80),
(252, 20, 80),
(253, 1, 81),
(254, 11, 81),
(255, 13, 81),
(256, 22, 81),
(257, 1, 82),
(258, 5, 82),
(259, 9, 82),
(260, 12, 82),
(261, 1, 83),
(262, 4, 83),
(263, 10, 83),
(264, 24, 83),
(265, 1, 84),
(266, 11, 84),
(267, 1, 85),
(268, 9, 85),
(269, 11, 85),
(270, 13, 85),
(271, 1, 86),
(272, 4, 86),
(273, 13, 86),
(274, 1, 87),
(275, 4, 87),
(276, 5, 87),
(277, 18, 87),
(278, 1, 88),
(279, 4, 88),
(280, 6, 88),
(281, 18, 88),
(282, 26, 88),
(283, 1, 89),
(284, 4, 89),
(285, 10, 89),
(286, 11, 89),
(287, 1, 90),
(288, 5, 90),
(289, 6, 90),
(290, 9, 90),
(291, 26, 90),
(292, 1, 91),
(293, 11, 91),
(294, 13, 91),
(295, 21, 91),
(296, 1, 92),
(297, 4, 92),
(298, 10, 92),
(299, 21, 92),
(300, 1, 93),
(301, 4, 93),
(302, 6, 93),
(303, 26, 93),
(304, 1, 94),
(305, 4, 94),
(306, 18, 94),
(307, 1, 95),
(308, 4, 95),
(309, 27, 95),
(310, 1, 96),
(311, 4, 96),
(312, 10, 96),
(313, 27, 96),
(314, 1, 97),
(315, 4, 97),
(316, 22, 97),
(317, 1, 98),
(318, 4, 98),
(319, 10, 98),
(320, 22, 98),
(321, 1, 99),
(322, 4, 99),
(323, 10, 99),
(324, 1, 100),
(325, 4, 100),
(326, 11, 100),
(327, 1, 101),
(328, 4, 101),
(329, 5, 101),
(330, 17, 101),
(331, 1, 102),
(332, 4, 102),
(333, 18, 102),
(334, 21, 102),
(335, 1, 103),
(336, 4, 103),
(337, 11, 103),
(338, 1, 104),
(339, 4, 104),
(340, 10, 104),
(341, 1, 105),
(342, 4, 105),
(343, 1, 106),
(344, 4, 106),
(345, 13, 106),
(346, 1, 107),
(347, 4, 107),
(348, 18, 107),
(349, 22, 107),
(350, 1, 108),
(351, 11, 108),
(352, 13, 108),
(353, 18, 108),
(354, 1, 109),
(355, 4, 109),
(356, 9, 109),
(357, 18, 109),
(358, 1, 110),
(359, 13, 110),
(360, 18, 110),
(361, 1, 111),
(362, 4, 111),
(363, 9, 111),
(364, 11, 111),
(365, 1, 112),
(366, 9, 112),
(367, 11, 112),
(368, 19, 112),
(369, 1, 113),
(370, 5, 113),
(371, 11, 113),
(372, 13, 113),
(373, 1, 114),
(374, 4, 114),
(375, 10, 114),
(376, 21, 114),
(377, 1, 115),
(378, 9, 115),
(379, 11, 115),
(380, 19, 115),
(381, 1, 116),
(382, 4, 116),
(383, 10, 116),
(384, 1, 117),
(385, 9, 117),
(386, 11, 117),
(387, 19, 117),
(388, 1, 118),
(389, 9, 118),
(390, 12, 118),
(391, 1, 119),
(392, 4, 119),
(393, 10, 119),
(394, 1, 120),
(395, 9, 120),
(396, 11, 120),
(397, 19, 120),
(398, 1, 121),
(399, 4, 121),
(400, 5, 121),
(401, 9, 121),
(402, 1, 122),
(403, 4, 122),
(404, 6, 122),
(405, 21, 122),
(406, 26, 122),
(407, 1, 123),
(408, 4, 123),
(409, 10, 123),
(410, 22, 123),
(411, 1, 124),
(412, 4, 124),
(413, 9, 124),
(414, 17, 124),
(415, 1, 125),
(416, 4, 125),
(417, 13, 125),
(418, 22, 125),
(419, 1, 126),
(420, 4, 126),
(421, 18, 126),
(422, 1, 127),
(423, 4, 127),
(424, 17, 127),
(425, 27, 127),
(426, 1, 128),
(427, 4, 128),
(428, 6, 128),
(429, 9, 128),
(430, 26, 128),
(431, 1, 129),
(432, 4, 129),
(433, 13, 129),
(434, 1, 130),
(435, 4, 130),
(436, 13, 130),
(437, 21, 130),
(438, 1, 131),
(439, 4, 131),
(440, 11, 131),
(441, 22, 131);


ALTER TABLE `categories`
  ADD PRIMARY KEY (`id`);

ALTER TABLE `movies`
  ADD PRIMARY KEY (`id`);

ALTER TABLE `rel_movie_categories`
  ADD PRIMARY KEY (`id`),
  ADD UNIQUE KEY `ui_movie_category` (`movie_id`,`category_id`);


ALTER TABLE `categories`
  MODIFY `id` int(11) NOT NULL AUTO_INCREMENT, AUTO_INCREMENT=32;
ALTER TABLE `movies`
  MODIFY `id` int(11) NOT NULL AUTO_INCREMENT, AUTO_INCREMENT=132;
ALTER TABLE `rel_movie_categories`
  MODIFY `id` int(11) NOT NULL AUTO_INCREMENT, AUTO_INCREMENT=442;

ALTER TABLE `rel_movie_categories`
  ADD CONSTRAINT `fk_category_id` FOREIGN KEY (`category_id`) REFERENCES `categories` (`id`),
  ADD CONSTRAINT `fk_movie_id` FOREIGN KEY (`movie_id`) REFERENCES `movies` (`id`);